obs_wl_vac(nm),ritz_wl_vac(nm),intens,Aki(s^-1),fik,S(a.u.),log_gf,Acc,Ei(eV),Ek(eV),conf_i,term_i,J_i,conf_k,term_k,J_k,g_i,g_k,Type,tp_ref,line_ref,column_22
"=""137.2033""","=""""","=""15""","=""""","=""""","=""""","=""""",,"=""""","=""""","=""""","=""""","=""""","=""""","=""""","=""""",1,1,,"=""""","=""L5148""",
"=""137.3500""","=""""","=""15""","=""""","=""""","=""""","=""""",,"=""""","=""""","=""""","=""""","=""""","=""""","=""""","=""""",1,1,,"=""""","=""L5148""",
"=""137.4732""","=""""","=""10""","=""""","=""""","=""""","=""""",,"=""""","=""""","=""""","=""""","=""""","=""""","=""""","=""""",1,1,,"=""""","=""L5148""",
"=""137.7080""","=""""","=""15""","=""""","=""""","=""""","=""""",,"=""""","=""""","=""""","=""""","=""""","=""""","=""""","=""""",1,1,,"=""""","=""L5148""",
"=""137.7937""","=""""","=""15""","=""""","=""""","=""""","=""""",,"=""""","=""""","=""""","=""""","=""""","=""""","=""""","=""""",1,1,,"=""""","=""L5148""",
"=""137.9429""","=""""","=""25""","=""""","=""""","=""""","=""""",,"=""""","=""""","=""""","=""""","=""""","=""""","=""""","=""""",1,1,,"=""""","=""L5148""",
"=""138.1469""","=""""","=""25""","=""""","=""""","=""""","=""""",,"=""""","=""""","=""""","=""""","=""""","=""""","=""""","=""""",1,1,,"=""""","=""L5148""",
"=""138.1637""","=""""","=""15""","=""""","=""""","=""""","=""""",,"=""""","=""""","=""""","=""""","=""""","=""""","=""""","=""""",1,1,,"=""""","=""L5148""",
"=""""","=""153.475155""","=""""","=""4.4e+04""","=""2.3e-05""","=""4.7e-04""","=""-4.03""",E,"=""0.000000""","=""8.0784540""","=""3s2.3p3""","=""4S*""","=""3/2""","=""3s2.3p2.(1D).4s""","=""2D""","=""5/2""",4,6,,"=""T1220""","=""""",
"=""""","=""153.477237""","=""""","=""8.2e+03""","=""2.9e-06""","=""5.9e-05""","=""-4.94""",E,"=""0.000000""","=""8.0783444""","=""3s2.3p3""","=""4S*""","=""3/2""","=""3s2.3p2.(1D).4s""","=""2D""","=""3/2""",4,4,,"=""T1220""","=""""",
"=""167.1070""","=""""","=""140""","=""""","=""""","=""""","=""""",,"=""""","=""""","=""""","=""""","=""""","=""""","=""""","=""""",1,1,,"=""""","=""L5148""",
"=""167.1510""","=""""","=""100""","=""""","=""""","=""""","=""""",,"=""""","=""""","=""""","=""""","=""""","=""""","=""""","=""""",1,1,,"=""""","=""L5148""",
"=""167.1680""","=""167.16713""","=""180""","=""3.9e+07""","=""8.2e-03""","=""1.8e-01""","=""-1.49""",D,"=""0.000000""","=""7.4167807""","=""3s2.3p3""","=""4S*""","=""3/2""","=""3s.3p4""","=""4P""","=""1/2""",4,2,,"=""T8043""","=""L5148""",
"=""167.2035""","=""""","=""140""","=""""","=""""","=""""","=""""",,"=""""","=""""","=""""","=""""","=""""","=""""","=""""","=""""",1,1,,"=""""","=""L5148""",
"=""167.2474""","=""""","=""140""","=""""","=""""","=""""","=""""",,"=""""","=""""","=""""","=""""","=""""","=""""","=""""","=""""",1,1,,"=""""","=""L5148""",
"=""167.4591""","=""167.45953""","=""600""","=""4.0e+07""","=""1.7e-02""","=""3.7e-01""","=""-1.17""",D,"=""0.000000""","=""7.4038306""","=""3s2.3p3""","=""4S*""","=""3/2""","=""3s.3p4""","=""4P""","=""3/2""",4,4,,"=""T8043""","=""L5148""",
"=""167.9695""","=""167.96969""","=""600""","=""3.9e+07""","=""2.5e-02""","=""5.5e-01""","=""-1.00""",D,"=""0.000000""","=""7.3813433""","=""3s2.3p3""","=""4S*""","=""3/2""","=""3s.3p4""","=""4P""","=""5/2""",4,6,,"=""T8043""","=""L5148""",
"=""168.5976""","=""""","=""140""","=""""","=""""","=""""","=""""",,"=""""","=""""","=""""","=""""","=""""","=""""","=""""","=""""",1,1,,"=""""","=""L5148""",
"=""169.4028""","=""""","=""100""","=""""","=""""","=""""","=""""",,"=""""","=""""","=""""","=""""","=""""","=""""","=""""","=""""",1,1,,"=""""","=""L5148""",
"=""169.4486""","=""""","=""100""","=""""","=""""","=""""","=""""",,"=""""","=""""","=""""","=""""","=""""","=""""","=""""","=""""",1,1,,"=""""","=""L5148""",
"=""170.6376""","=""""","=""100""","=""""","=""""","=""""","=""""",,"=""""","=""""","=""""","=""""","=""""","=""""","=""""","=""""",1,1,,"=""""","=""L5148""",
"=""170.7553""","=""""","=""100""","=""""","=""""","=""""","=""""",,"=""""","=""""","=""""","=""""","=""""","=""""","=""""","=""""",1,1,,"=""""","=""L5148""",
"=""""","=""171.89702""","=""""","=""2.6e+05""","=""1.2e-04""","=""2.6e-03""","=""-3.34""",E,"=""0.000000""","=""7.2127021""","=""3s2.3p3""","=""4S*""","=""3/2""","=""3s2.3p2.(3P).4s""","=""2P""","=""3/2""",4,4,,"=""T1220""","=""""",
"=""""","=""172.78148""","=""""","=""1.5e+05""","=""3.4e-05""","=""7.6e-04""","=""-3.87""",E,"=""0.000000""","=""7.1757806""","=""3s2.3p3""","=""4S*""","=""3/2""","=""3s2.3p2.(3P).4s""","=""2P""","=""1/2""",4,2,,"=""T1220""","=""""",
"=""177.4951""","=""177.49487""","=""600""","=""2.17e+08""","=""1.54e-01""","=""3.59e+00""","=""-0.211""",C,"=""0.000000""","=""6.9852271""","=""3s2.3p3""","=""4S*""","=""3/2""","=""3s2.3p2.(3P).4s""","=""4P""","=""5/2""",4,6,,"=""T1220""","=""L5148""",
"=""178.2838""","=""178.28291""","=""500""","=""2.14e+08""","=""1.02e-01""","=""2.39e+00""","=""-0.389""",C,"=""0.000000""","=""6.9543513""","=""3s2.3p3""","=""4S*""","=""3/2""","=""3s2.3p2.(3P).4s""","=""4P""","=""3/2""",4,4,,"=""T1220""","=""L5148""",
"=""178.7656""","=""178.76481""","=""400""","=""2.13e+08""","=""5.10e-02""","=""1.20e+00""","=""-0.690""",C,"=""0.000000""","=""6.9356043""","=""3s2.3p3""","=""4S*""","=""3/2""","=""3s2.3p2.(3P).4s""","=""4P""","=""1/2""",4,2,,"=""T1220""","=""L5148""",
"=""183.4801""","=""""","=""140""","=""""","=""""","=""""","=""""",,"=""""","=""""","=""""","=""""","=""""","=""""","=""""","=""""",1,1,,"=""""","=""L5148""",
"=""184.7165""","=""""","=""140""","=""""","=""""","=""""","=""""",,"=""""","=""""","=""""","=""""","=""""","=""""","=""""","=""""",1,1,,"=""""","=""L5148""",
"=""184.9820""","=""""","=""100""","=""""","=""""","=""""","=""""",,"=""""","=""""","=""""","=""""","=""""","=""""","=""""","=""""",1,1,,"=""""","=""L5148""",
"=""185.1194""","=""""","=""140""","=""""","=""""","=""""","=""""",,"=""""","=""""","=""""","=""""","=""""","=""""","=""""","=""""",1,1,,"=""""","=""L5148""",
"=""185.2069""","=""""","=""100""","=""""","=""""","=""""","=""""",,"=""""","=""""","=""""","=""""","=""""","=""""","=""""","=""""",1,1,,"=""""","=""L5148""",
"=""185.8886""","=""185.8871""","=""500""","=""2.32e+07""","=""1.80e-02""","=""4.41e-01""","=""-1.142""",C,"=""1.408587""","=""8.0784540""","=""3s2.3p3""","=""2D*""","=""3/2""","=""3s2.3p2.(1D).4s""","=""2D""","=""5/2""",4,6,,"=""T1220""","=""L5148""",
"=""""","=""185.8901""","=""""","=""2.54e+08""","=""1.32e-01""","=""3.22e+00""","=""-0.279""",C,"=""1.408587""","=""8.0783444""","=""3s2.3p3""","=""2D*""","=""3/2""","=""3s2.3p2.(1D).4s""","=""2D""","=""3/2""",4,4,,"=""T1220""","=""""",
"=""185.9393""","=""185.9410""","=""400""","=""2.64e+08""","=""1.37e-01""","=""5.03e+00""","=""-0.086""",C,"=""1.410522""","=""8.0784540""","=""3s2.3p3""","=""2D*""","=""5/2""","=""3s2.3p2.(1D).4s""","=""2D""","=""5/2""",6,6,,"=""T1220""","=""L5148""",
"=""""","=""185.9441""","=""""","=""2.26e+07""","=""7.81e-03""","=""2.87e-01""","=""-1.329""",C,"=""1.410522""","=""8.0783444""","=""3s2.3p3""","=""2D*""","=""5/2""","=""3s2.3p2.(1D).4s""","=""2D""","=""3/2""",6,4,,"=""T1220""","=""""",
"=""186.4348""","=""""","=""140""","=""""","=""""","=""""","=""""",,"=""""","=""""","=""""","=""""","=""""","=""""","=""""","=""""",1,1,,"=""""","=""L5148""",
"=""190.5481""","=""""","=""180""","=""""","=""""","=""""","=""""",,"=""""","=""""","=""""","=""""","=""""","=""""","=""""","=""""",1,1,,"=""""","=""L5148""",
"=""190.6403""","=""""","=""140""","=""""","=""""","=""""","=""""",,"=""""","=""""","=""""","=""""","=""""","=""""","=""""","=""""",1,1,,"=""""","=""L5148""",
"=""190.7665""","=""""","=""280""","=""""","=""""","=""""","=""""",,"=""""","=""""","=""""","=""""","=""""","=""""","=""""","=""""",1,1,,"=""""","=""L5148""",
"=""202.4141""","=""""","=""280""","=""""","=""""","=""""","=""""",,"=""""","=""""","=""""","=""""","=""""","=""""","=""""","=""""",1,1,,"=""""","=""L5148""",
"=""202.5168""","=""""","=""180""","=""""","=""""","=""""","=""""",,"=""""","=""""","=""""","=""""","=""""","=""""","=""""","=""""",1,1,,"=""""","=""L5148""",
"=""203.3086""","=""""","=""400""","=""""","=""""","=""""","=""""",,"=""""","=""""","=""""","=""""","=""""","=""""","=""""","=""""",1,1,,"=""""","=""L5148""",
"=""203.4131""","=""""","=""400""","=""""","=""""","=""""","=""""",,"=""""","=""""","=""""","=""""","=""""","=""""","=""""","=""""",1,1,,"=""""","=""L5148""",
"=""213.6139""","=""213.6143""","=""400""","=""2.11e+07""","=""1.44e-02""","=""4.06e-01""","=""-1.239""",C,"=""1.408587""","=""7.2127021""","=""3s2.3p3""","=""2D*""","=""3/2""","=""3s2.3p2.(3P).4s""","=""2P""","=""3/2""",4,4,,"=""T1220""","=""L5148""",
"=""213.6856""","=""213.6856""","=""400""","=""2.83e+08""","=""1.29e-01""","=""5.45e+00""","=""-0.111""",C,"=""1.410522""","=""7.2127021""","=""3s2.3p3""","=""2D*""","=""5/2""","=""3s2.3p2.(3P).4s""","=""2P""","=""3/2""",6,4,,"=""T1220""","=""L5148""",
"=""214.9821""","=""214.9819""","=""400""","=""3.18e+08""","=""1.10e-01""","=""3.12e+00""","=""-0.356""",C,"=""1.408587""","=""7.1757806""","=""3s2.3p3""","=""2D*""","=""3/2""","=""3s2.3p2.(3P).4s""","=""2P""","=""1/2""",4,2,,"=""T1220""","=""L5148""",
"=""215.3617""","=""215.3616""","=""280""","=""4.85e+07""","=""6.74e-02""","=""9.56e-01""","=""-0.870""",C,"=""2.321320""","=""8.0783444""","=""3s2.3p3""","=""2P*""","=""1/2""","=""3s2.3p2.(1D).4s""","=""2D""","=""3/2""",2,4,,"=""T1220""","=""L5148""",
"=""215.4757""","=""215.4749""","=""500""","=""5.8e+07""","=""6.1e-02""","=""1.7e+00""","=""-0.62""",C,"=""2.324457""","=""8.0784540""","=""3s2.3p3""","=""2P*""","=""3/2""","=""3s2.3p2.(1D).4s""","=""2D""","=""5/2""",4,6,,"=""T1220""","=""L5148""",
"=""""","=""215.4790""","=""""","=""1.73e+07""","=""1.20e-02""","=""3.42e-01""","=""-1.317""",C,"=""2.324457""","=""8.0783444""","=""3s2.3p3""","=""2P*""","=""3/2""","=""3s2.3p2.(1D).4s""","=""2D""","=""3/2""",4,4,,"=""T1220""","=""""",
"=""""","=""222.3278""","=""""","=""5.4e+03""","=""6.0e-06""","=""1.8e-04""","=""-4.62""",E,"=""1.408587""","=""6.9852271""","=""3s2.3p3""","=""2D*""","=""3/2""","=""3s2.3p2.(3P).4s""","=""4P""","=""5/2""",4,6,,"=""T1220""","=""""",
"=""""","=""222.4050""","=""""","=""8.8e+04""","=""6.5e-05""","=""2.9e-03""","=""-3.41""",E,"=""1.410522""","=""6.9852271""","=""3s2.3p3""","=""2D*""","=""5/2""","=""3s2.3p2.(3P).4s""","=""4P""","=""5/2""",6,6,,"=""T1220""","=""""",
"=""""","=""223.5656""","=""""","=""1.3e+05""","=""9.7e-05""","=""2.9e-03""","=""-3.41""",E,"=""1.408587""","=""6.9543513""","=""3s2.3p3""","=""2D*""","=""3/2""","=""3s2.3p2.(3P).4s""","=""4P""","=""3/2""",4,4,,"=""T1220""","=""""",
"=""223.6426""","=""223.6436""","=""180""","=""6.2e+05""","=""3.1e-04""","=""1.4e-02""","=""-2.73""",E,"=""1.410522""","=""6.9543513""","=""3s2.3p3""","=""2D*""","=""5/2""","=""3s2.3p2.(3P).4s""","=""4P""","=""3/2""",6,4,,"=""T1220""","=""L5148""",
"=""""","=""224.3239""","=""""","=""4.0e+05""","=""1.5e-04""","=""4.5e-03""","=""-3.22""",E,"=""1.408587""","=""6.9356043""","=""3s2.3p3""","=""2D*""","=""3/2""","=""3s2.3p2.(3P).4s""","=""4P""","=""1/2""",4,2,,"=""T1220""","=""""",
"=""253.4738""","=""253.4748""","=""750""","=""2.00e+07""","=""3.85e-02""","=""6.43e-01""","=""-1.113""",C,"=""2.321320""","=""7.2127021""","=""3s2.3p3""","=""2P*""","=""1/2""","=""3s2.3p2.(3P).4s""","=""2P""","=""3/2""",2,4,,"=""T1220""","=""L5148""",
"=""253.6365""","=""253.6374""","=""950""","=""9.5e+07""","=""9.2e-02""","=""3.1e+00""","=""-0.44""",C,"=""2.324457""","=""7.2127021""","=""3s2.3p3""","=""2P*""","=""3/2""","=""3s2.3p2.(3P).4s""","=""2P""","=""3/2""",4,4,,"=""T1220""","=""L5148""",
"=""255.4028""","=""255.4026""","=""750""","=""7.1e+07""","=""6.9e-02""","=""1.2e+00""","=""-0.86""",C,"=""2.321320""","=""7.1757806""","=""3s2.3p3""","=""2P*""","=""1/2""","=""3s2.3p2.(3P).4s""","=""2P""","=""1/2""",2,2,,"=""T1220""","=""L5148""",
"=""255.5681""","=""255.5678""","=""500""","=""3.00e+07""","=""1.47e-02""","=""4.94e-01""","=""-1.231""",C,"=""2.324457""","=""7.1757806""","=""3s2.3p3""","=""2P*""","=""3/2""","=""3s2.3p2.(3P).4s""","=""2P""","=""1/2""",4,2,,"=""T1220""","=""L5148""",
"=""""","=""266.0166""","=""""","=""4.1e+01""","=""6.5e-08""","=""2.3e-06""","=""-6.58""",E,"=""2.324457""","=""6.9852271""","=""3s2.3p3""","=""2P*""","=""3/2""","=""3s2.3p2.(3P).4s""","=""4P""","=""5/2""",4,6,,"=""T1220""","=""""",
"=""""","=""267.6093""","=""""","=""2.7e+04""","=""5.8e-05""","=""1.0e-03""","=""-3.94""",E,"=""2.321320""","=""6.9543513""","=""3s2.3p3""","=""2P*""","=""1/2""","=""3s2.3p2.(3P).4s""","=""4P""","=""3/2""",2,4,,"=""T1220""","=""""",
"=""""","=""267.7906""","=""""","=""1.3e+05""","=""1.4e-04""","=""4.9e-03""","=""-3.25""",E,"=""2.324457""","=""6.9543513""","=""3s2.3p3""","=""2P*""","=""3/2""","=""3s2.3p2.(3P).4s""","=""4P""","=""3/2""",4,4,,"=""T1220""","=""""",
"=""""","=""268.6965""","=""""","=""3.9e+04""","=""4.2e-05""","=""7.5e-04""","=""-4.07""",E,"=""2.321320""","=""6.9356043""","=""3s2.3p3""","=""2P*""","=""1/2""","=""3s2.3p2.(3P).4s""","=""4P""","=""1/2""",2,2,,"=""T1220""","=""""",
"=""""","=""268.8793""","=""""","=""4.1e+04""","=""2.2e-05""","=""7.9e-04""","=""-4.05""",E,"=""2.324457""","=""6.9356043""","=""3s2.3p3""","=""2P*""","=""3/2""","=""3s2.3p2.(3P).4s""","=""4P""","=""1/2""",4,2,,"=""T1220""","=""""",
"=""""","=""497.9539""","=""""","=""1.1e+06""","=""8.2e-03""","=""2.7e-01""","=""-1.79""",E,"=""6.9356043""","=""9.4254773""","=""3s2.3p2.(3P).4s""","=""4P""","=""1/2""","=""3s2.3p2.(3P).5p""","=""4S*""","=""3/2""",2,4,,"=""T1619CA,LS""","=""""",
"=""""","=""501.7316""","=""""","=""2.0e+06""","=""7.5e-03""","=""5.0e-01""","=""-1.52""",E,"=""6.9543513""","=""9.4254773""","=""3s2.3p2.(3P).4s""","=""4P""","=""3/2""","=""3s2.3p2.(3P).5p""","=""4S*""","=""3/2""",4,4,,"=""T1619CA,LS""","=""""",
"=""""","=""504.6813""","=""""","=""1.6e+06""","=""9.2e-03""","=""6.1e-01""","=""-1.44""",E,"=""6.9543513""","=""9.4110345""","=""3s2.3p2.(3P).4s""","=""4P""","=""3/2""","=""3s2.3p2.(3P).5p""","=""4P*""","=""5/2""",4,6,,"=""T1619CA,LS""","=""""",
"=""""","=""506.0624""","=""""","=""6.3e+05""","=""2.4e-03""","=""8.1e-02""","=""-2.32""",E,"=""6.9356043""","=""9.3855829""","=""3s2.3p2.(3P).4s""","=""4P""","=""1/2""","=""3s2.3p2.(3P).5p""","=""4P*""","=""1/2""",2,2,,"=""T1619CA,LS""","=""""",
"=""""","=""506.3327""","=""""","=""1.5e+06""","=""1.2e-02""","=""3.8e-01""","=""-1.64""",E,"=""6.9356043""","=""9.3842750""","=""3s2.3p2.(3P).4s""","=""4P""","=""1/2""","=""3s2.3p2.(3P).5p""","=""4P*""","=""3/2""",2,4,,"=""T1619CA,LS""","=""""",
"=""508.0797""","=""508.0799""","=""100""","=""2.9e+06""","=""7.5e-03""","=""7.5e-01""","=""-1.35""",E,"=""6.9852271""","=""9.4254773""","=""3s2.3p2.(3P).4s""","=""4P""","=""5/2""","=""3s2.3p2.(3P).5p""","=""4S*""","=""3/2""",6,4,,"=""T1619CA,LS""","=""L5148""",
"=""509.9642""","=""509.9646""","=""100""","=""2.9e+06""","=""5.7e-03""","=""3.8e-01""","=""-1.65""",E,"=""6.9543513""","=""9.3855829""","=""3s2.3p2.(3P).4s""","=""4P""","=""3/2""","=""3s2.3p2.(3P).5p""","=""4P*""","=""1/2""",4,2,,"=""T1619CA,LS""","=""L5148""",
"=""510.2396""","=""510.2391""","=""100""","=""4.6e+05""","=""1.8e-03""","=""1.2e-01""","=""-2.14""",E,"=""6.9543513""","=""9.3842750""","=""3s2.3p2.(3P).4s""","=""4P""","=""3/2""","=""3s2.3p2.(3P).5p""","=""4P*""","=""3/2""",4,4,,"=""T1619CA,LS""","=""L5148""",
"=""511.1052""","=""511.1049""","=""140""","=""3.4e+06""","=""1.3e-02""","=""1.3e+00""","=""-1.10""",E,"=""6.9852271""","=""9.4110345""","=""3s2.3p2.(3P).4s""","=""4P""","=""5/2""","=""3s2.3p2.(3P).5p""","=""4P*""","=""5/2""",6,6,,"=""T1619CA,LS""","=""L5148""",
"=""515.6280""","=""515.6278""","=""140""","=""1.5e+06""","=""9.0e-03""","=""6.1e-01""","=""-1.45""",E,"=""6.9543513""","=""9.3588801""","=""3s2.3p2.(3P).4s""","=""4P""","=""3/2""","=""3s2.3p2.(3P).5p""","=""4D*""","=""5/2""",4,6,,"=""T1619CA,LS""","=""L5148""",
"=""""","=""516.3704""","=""""","=""3.2e+06""","=""1.7e-02""","=""1.7e+00""","=""-0.99""",E,"=""6.9852271""","=""9.3862983""","=""3s2.3p2.(3P).4s""","=""4P""","=""5/2""","=""3s2.3p2.(3P).5p""","=""4D*""","=""7/2""",6,8,,"=""T1619CA,LS""","=""""",
"=""516.3728""","=""""","=""180""","=""""","=""""","=""""","=""""",,"=""""","=""""","=""""","=""""","=""""","=""""","=""""","=""""",1,1,,"=""""","=""L5148""",
"=""""","=""516.8059""","=""""","=""1.4e+06""","=""3.7e-03""","=""3.8e-01""","=""-1.65""",E,"=""6.9852271""","=""9.3842750""","=""3s2.3p2.(3P).4s""","=""4P""","=""5/2""","=""3s2.3p2.(3P).5p""","=""4P*""","=""3/2""",6,4,,"=""T1619CA,LS""","=""""",
"=""""","=""519.1869""","=""""","=""7.5e+05""","=""3.0e-03""","=""2.1e-01""","=""-1.92""",E,"=""6.9543513""","=""9.3423968""","=""3s2.3p2.(3P).4s""","=""4P""","=""3/2""","=""3s2.3p2.(3P).5p""","=""4D*""","=""3/2""",4,4,,"=""T1619CA,LS""","=""""",
"=""""","=""522.3350""","=""""","=""5.8e+05""","=""2.4e-03""","=""2.4e-01""","=""-1.85""",E,"=""6.9852271""","=""9.3588801""","=""3s2.3p2.(3P).4s""","=""4P""","=""5/2""","=""3s2.3p2.(3P).5p""","=""4D*""","=""5/2""",6,6,,"=""T1619CA,LS""","=""""",
"=""""","=""525.9876""","=""""","=""5.7e+04""","=""1.6e-04""","=""1.6e-02""","=""-3.02""",E,"=""6.9852271""","=""9.3423968""","=""3s2.3p2.(3P).4s""","=""4P""","=""5/2""","=""3s2.3p2.(3P).5p""","=""4D*""","=""3/2""",6,4,,"=""T1619CA,LS""","=""""",
"=""""","=""526.3525""","=""""","=""1.5e+06""","=""1.2e-02""","=""4.3e-01""","=""-1.60""",E,"=""7.1757806""","=""9.5313163""","=""3s2.3p2.(3P).4s""","=""2P""","=""1/2""","=""3s2.3p2.(3P).5p""","=""2P*""","=""3/2""",2,4,,"=""T1619CA,LS""","=""""",
"=""529.5012""","=""529.5010""","=""140""","=""5.8e+06""","=""2.4e-02""","=""8.5e-01""","=""-1.31""",E,"=""7.1757806""","=""9.5173096""","=""3s2.3p2.(3P).4s""","=""2P""","=""1/2""","=""3s2.3p2.(3P).5p""","=""2P*""","=""1/2""",2,2,,"=""T1619CA,LS""","=""L5148""",
"=""""","=""533.3899""","=""""","=""1.08e-01""","=""4.61e-10""","=""2.43e-03""","=""-8.735""",C,"=""0.000000""","=""2.324457""","=""3s2.3p3""","=""4S*""","=""3/2""","=""3s2.3p3""","=""2P*""","=""3/2""",4,4,M1,"=""T761""","=""""",
"=""""","=""533.3899""","=""""","=""3.3e-07""","=""1.4e-15""","=""5.1e-06""","=""-14.25""",D,"=""0.000000""","=""2.324457""","=""3s2.3p3""","=""4S*""","=""3/2""","=""3s2.3p3""","=""2P*""","=""3/2""",4,4,E2,"=""T761""","=""""",
"=""""","=""534.1107""","=""""","=""4.26e-02""","=""9.11e-11""","=""4.81e-04""","=""-9.438""",C,"=""0.000000""","=""2.321320""","=""3s2.3p3""","=""4S*""","=""3/2""","=""3s2.3p3""","=""2P*""","=""1/2""",4,2,M1,"=""T761""","=""""",
"=""""","=""534.1107""","=""""","=""4.7e-06""","=""1.0e-14""","=""3.6e-05""","=""-13.40""",D,"=""0.000000""","=""2.321320""","=""3s2.3p3""","=""4S*""","=""3/2""","=""3s2.3p3""","=""2P*""","=""1/2""",4,2,E2,"=""T761""","=""""",
"=""534.7338""","=""534.7341""","=""180""","=""7.3e+06""","=""3.1e-02""","=""2.2e+00""","=""-0.90""",E,"=""7.2127021""","=""9.5313163""","=""3s2.3p2.(3P).4s""","=""2P""","=""3/2""","=""3s2.3p2.(3P).5p""","=""2P*""","=""3/2""",4,4,,"=""T1619CA,LS""","=""L5148""",
"=""536.6123""","=""""","=""100""","=""""","=""""","=""""","=""""",,"=""""","=""""","=""""","=""""","=""""","=""""","=""""","=""""",1,1,,"=""""","=""L5148""",
"=""""","=""537.9840""","=""""","=""2.7e+06""","=""5.9e-03""","=""4.1e-01""","=""-1.63""",E,"=""7.2127021""","=""9.5173096""","=""3s2.3p2.(3P).4s""","=""2P""","=""3/2""","=""3s2.3p2.(3P).5p""","=""2P*""","=""1/2""",4,2,,"=""T1619CA,LS""","=""""",
"=""542.9603""","=""""","=""100""","=""""","=""""","=""""","=""""",,"=""""","=""""","=""""","=""""","=""""","=""""","=""""","=""""",1,1,,"=""""","=""L5148""",
"=""545.9822""","=""545.9819""","=""140""","=""3.8e+06""","=""3.4e-02""","=""1.2e+00""","=""-1.17""",E,"=""7.1757806""","=""9.4466287""","=""3s2.3p2.(3P).4s""","=""2P""","=""1/2""","=""3s2.3p2.(3P).5p""","=""2D*""","=""3/2""",2,4,,"=""T1619CA,LS""","=""L5148""",
"=""547.9194""","=""547.9194""","=""180""","=""5.7e+06""","=""3.8e-02""","=""2.8e+00""","=""-0.81""",E,"=""7.2127021""","=""9.4755201""","=""3s2.3p2.(3P).4s""","=""2P""","=""3/2""","=""3s2.3p2.(3P).5p""","=""2D*""","=""5/2""",4,6,,"=""T1619CA,LS""","=""L5148""",
"=""547.9382""","=""""","=""140""","=""""","=""""","=""""","=""""",,"=""""","=""""","=""""","=""""","=""""","=""""","=""""","=""""",1,1,,"=""""","=""L5148""",
"=""547.9789""","=""""","=""140""","=""""","=""""","=""""","=""""",,"=""""","=""""","=""""","=""""","=""""","=""""","=""""","=""""",1,1,,"=""""","=""L5148""",
"=""551.6306""","=""""","=""100""","=""""","=""""","=""""","=""""",,"=""""","=""""","=""""","=""""","=""""","=""""","=""""","=""""",1,1,,"=""""","=""L5148""",
"=""551.8530""","=""""","=""100""","=""""","=""""","=""""","=""""",,"=""""","=""""","=""""","=""""","=""""","=""""","=""""","=""""",1,1,,"=""""","=""L5148""",
"=""""","=""555.0057""","=""""","=""6.6e+05""","=""3.0e-03""","=""2.2e-01""","=""-1.91""",E,"=""7.2127021""","=""9.4466287""","=""3s2.3p2.(3P).4s""","=""2P""","=""3/2""","=""3s2.3p2.(3P).5p""","=""2D*""","=""3/2""",4,4,,"=""T1619CA,LS""","=""""",
"=""609.9378""","=""""","=""180""","=""""","=""""","=""""","=""""",,"=""""","=""""","=""""","=""""","=""""","=""""","=""""","=""""",1,1,,"=""""","=""L5148""",
"=""620.0739""","=""""","=""500""","=""""","=""""","=""""","=""""",,"=""""","=""""","=""""","=""""","=""""","=""""","=""""","=""""",1,1,,"=""""","=""L5148""",
"=""621.2217""","=""""","=""180""","=""""","=""""","=""""","=""""",,"=""""","=""""","=""""","=""""","=""""","=""""","=""""","=""""",1,1,,"=""""","=""L5148""",
"=""637.7444""","=""""","=""140""","=""""","=""""","=""""","=""""",,"=""""","=""""","=""""","=""""","=""""","=""""","=""""","=""""",1,1,,"=""""","=""L5148""",
"=""639.0345""","=""""","=""100""","=""""","=""""","=""""","=""""",,"=""""","=""""","=""""","=""""","=""""","=""""","=""""","=""""",1,1,,"=""""","=""L5148""",
"=""""","=""667.558""","=""""","=""4.5e+06""","=""3.0e-02""","=""1.3e+00""","=""-1.22""",E,"=""7.9646942""","=""9.821974""","=""3s2.3p2.(3P).4p""","=""2S*""","=""1/2""","=""3s2.3p2.(3P).5d""","=""2P""","=""1/2""",2,2,,"=""T1619CA,LS""","=""""",
"=""671.9265""","=""671.926""","=""100""","=""5.0e+06""","=""6.8e-02""","=""3.0e+00""","=""-0.87""",E,"=""7.9646942""","=""9.809901""","=""3s2.3p2.(3P).4p""","=""2S*""","=""1/2""","=""3s2.3p2.(3P).5d""","=""2P""","=""3/2""",2,4,,"=""T1619CA,LS""","=""L5148""",
"=""""","=""697.110""","=""""","=""2.0e+05""","=""2.9e-03""","=""1.3e-01""","=""-2.23""",E,"=""8.1052879""","=""9.883833""","=""3s2.3p2.(3P).4p""","=""4D*""","=""1/2""","=""3s2.3p2.(3P).5d""","=""4D""","=""3/2""",2,4,,"=""T1619CA,LS""","=""""",
"=""""","=""698.732""","=""""","=""1.4e+05""","=""1.5e-03""","=""1.4e-01""","=""-2.21""",E,"=""8.1147813""","=""9.889199""","=""3s2.3p2.(3P).4p""","=""4D*""","=""3/2""","=""3s2.3p2.(3P).5d""","=""4D""","=""5/2""",4,6,,"=""T1619CA,LS""","=""""",
"=""""","=""700.350""","=""""","=""5.4e+04""","=""5.3e-04""","=""7.3e-02""","=""-2.50""",E,"=""8.1315198""","=""9.901838""","=""3s2.3p2.(3P).4p""","=""4D*""","=""5/2""","=""3s2.3p2.(3P).5d""","=""4D""","=""7/2""",6,8,,"=""T1619CA,LS""","=""""",
"=""""","=""700.851""","=""""","=""3.2e+05""","=""2.4e-03""","=""2.2e-01""","=""-2.03""",E,"=""8.1147813""","=""9.883833""","=""3s2.3p2.(3P).4p""","=""4D*""","=""3/2""","=""3s2.3p2.(3P).5d""","=""4D""","=""3/2""",4,4,,"=""T1619CA,LS""","=""""",
"=""""","=""705.386""","=""""","=""3.7e+05""","=""2.8e-03""","=""3.8e-01""","=""-1.78""",E,"=""8.1315198""","=""9.889199""","=""3s2.3p2.(3P).4p""","=""4D*""","=""5/2""","=""3s2.3p2.(3P).5d""","=""4D""","=""5/2""",6,6,,"=""T1619CA,LS""","=""""",
"=""""","=""707.546""","=""""","=""2.9e+05""","=""1.5e-03""","=""2.0e-01""","=""-2.06""",E,"=""8.1315198""","=""9.883833""","=""3s2.3p2.(3P).4p""","=""4D*""","=""5/2""","=""3s2.3p2.(3P).5d""","=""4D""","=""3/2""",6,4,,"=""T1619CA,LS""","=""""",
"=""710.4158""","=""""","=""100""","=""""","=""""","=""""","=""""",,"=""""","=""""","=""""","=""""","=""""","=""""","=""""","=""""",1,1,,"=""""","=""L5148""",
"=""""","=""710.467""","=""""","=""3.6e+05""","=""2.7e-03""","=""5.1e-01""","=""-1.66""",E,"=""8.1567289""","=""9.901838""","=""3s2.3p2.(3P).4p""","=""4D*""","=""7/2""","=""3s2.3p2.(3P).5d""","=""4D""","=""7/2""",8,8,,"=""T1619CA,LS""","=""""",
"=""""","=""715.650""","=""""","=""1.3e+05""","=""7.5e-04""","=""1.4e-01""","=""-2.22""",E,"=""8.1567289""","=""9.889199""","=""3s2.3p2.(3P).4p""","=""4D*""","=""7/2""","=""3s2.3p2.(3P).5d""","=""4D""","=""5/2""",8,6,,"=""T1619CA,LS""","=""""",
"=""716.0340""","=""716.034""","=""100""","=""5.1e+06""","=""7.8e-02""","=""3.7e+00""","=""-0.81""",E,"=""8.1052879""","=""9.836829""","=""3s2.3p2.(3P).4p""","=""4D*""","=""1/2""","=""3s2.3p2.(3P).5d""","=""4F""","=""3/2""",2,4,,"=""T1619CA,LS""","=""L5148""",
"=""716.7440""","=""716.744""","=""180""","=""5.0e+06""","=""5.8e-02""","=""5.5e+00""","=""-0.63""",E,"=""8.1147813""","=""9.844606""","=""3s2.3p2.(3P).4p""","=""4D*""","=""3/2""","=""3s2.3p2.(3P).5d""","=""4F""","=""5/2""",4,6,,"=""T1619CA,LS""","=""L5148""",
"=""717.7080""","=""""","=""180""","=""""","=""""","=""""","=""""",,"=""""","=""""","=""""","=""""","=""""","=""""","=""""","=""""",1,1,,"=""""","=""L5148""",
"=""""","=""717.759""","=""""","=""3.3e+06""","=""3.2e-02""","=""6.0e+00""","=""-0.59""",E,"=""8.1567289""","=""9.884107""","=""3s2.3p2.(3P).4p""","=""4D*""","=""7/2""","=""3s2.3p2.(3P).5d""","=""4F""","=""9/2""",8,10,,"=""T1619CA,LS""","=""""",
"=""717.8638""","=""717.864""","=""180""","=""4.7e+06""","=""4.8e-02""","=""6.9e+00""","=""-0.54""",E,"=""8.1315198""","=""9.858647""","=""3s2.3p2.(3P).4p""","=""4D*""","=""5/2""","=""3s2.3p2.(3P).5d""","=""4F""","=""7/2""",6,8,,"=""T1619CA,LS""","=""L5148""",
"=""""","=""719.981""","=""""","=""2.0e+06""","=""1.6e-02""","=""1.5e+00""","=""-1.21""",E,"=""8.1147813""","=""9.836829""","=""3s2.3p2.(3P).4p""","=""4D*""","=""3/2""","=""3s2.3p2.(3P).5d""","=""4F""","=""3/2""",4,4,,"=""T1619CA,LS""","=""""",
"=""""","=""723.748""","=""""","=""1.7e+06""","=""1.3e-02""","=""1.9e+00""","=""-1.10""",E,"=""8.1315198""","=""9.844606""","=""3s2.3p2.(3P).4p""","=""4D*""","=""5/2""","=""3s2.3p2.(3P).5d""","=""4F""","=""5/2""",6,6,,"=""T1619CA,LS""","=""""",
"=""""","=""727.048""","=""""","=""1.5e+05""","=""7.9e-04""","=""1.1e-01""","=""-2.32""",E,"=""8.1315198""","=""9.836829""","=""3s2.3p2.(3P).4p""","=""4D*""","=""5/2""","=""3s2.3p2.(3P).5d""","=""4F""","=""3/2""",6,4,,"=""T1619CA,LS""","=""""",
"=""""","=""728.497""","=""""","=""8.1e+05""","=""6.4e-03""","=""1.2e+00""","=""-1.29""",E,"=""8.1567289""","=""9.858647""","=""3s2.3p2.(3P).4p""","=""4D*""","=""7/2""","=""3s2.3p2.(3P).5d""","=""4F""","=""7/2""",8,8,,"=""T1619CA,LS""","=""""",
"=""""","=""734.557""","=""""","=""6.5e+04""","=""3.9e-04""","=""7.6e-02""","=""-2.50""",E,"=""8.1567289""","=""9.844606""","=""3s2.3p2.(3P).4p""","=""4D*""","=""7/2""","=""3s2.3p2.(3P).5d""","=""4F""","=""5/2""",8,6,,"=""T1619CA,LS""","=""""",
"=""""","=""746.186""","=""""","=""1.8e+06""","=""2.3e-02""","=""2.2e+00""","=""-1.05""",E,"=""8.2276264""","=""9.889199""","=""3s2.3p2.(3P).4p""","=""4P*""","=""3/2""","=""3s2.3p2.(3P).5d""","=""4D""","=""5/2""",4,6,,"=""T1619CA,LS""","=""""",
"=""""","=""747.661""","=""""","=""1.3e+06""","=""2.2e-02""","=""1.1e+00""","=""-1.36""",E,"=""8.2255380""","=""9.883833""","=""3s2.3p2.(3P).4p""","=""4P*""","=""1/2""","=""3s2.3p2.(3P).5d""","=""4D""","=""3/2""",2,4,,"=""T1619CA,LS""","=""""",
"=""""","=""748.603""","=""""","=""1.6e+06""","=""1.3e-02""","=""1.3e+00""","=""-1.27""",E,"=""8.2276264""","=""9.883833""","=""3s2.3p2.(3P).4p""","=""4P*""","=""3/2""","=""3s2.3p2.(3P).5d""","=""4D""","=""3/2""",4,4,,"=""T1619CA,LS""","=""""",
"=""""","=""750.781""","=""""","=""1.8e+06""","=""2.0e-02""","=""3.0e+00""","=""-0.91""",E,"=""8.2504346""","=""9.901838""","=""3s2.3p2.(3P).4p""","=""4P*""","=""5/2""","=""3s2.3p2.(3P).5d""","=""4D""","=""7/2""",6,8,,"=""T1619CA,LS""","=""""",
"=""""","=""756.571""","=""""","=""7.9e+05""","=""6.8e-03""","=""1.0e+00""","=""-1.39""",E,"=""8.2504346""","=""9.889199""","=""3s2.3p2.(3P).4p""","=""4P*""","=""5/2""","=""3s2.3p2.(3P).5d""","=""4D""","=""5/2""",6,6,,"=""T1619CA,LS""","=""""",
"=""""","=""759.057""","=""""","=""1.6e+05""","=""9.2e-04""","=""1.4e-01""","=""-2.26""",E,"=""8.2504346""","=""9.883833""","=""3s2.3p2.(3P).4p""","=""4P*""","=""5/2""","=""3s2.3p2.(3P).5d""","=""4D""","=""3/2""",6,4,,"=""T1619CA,LS""","=""""",
"=""""","=""783.624""","=""""","=""5.8e+04""","=""8.0e-04""","=""8.3e-02""","=""-2.49""",E,"=""8.1147813""","=""9.696970""","=""3s2.3p2.(3P).4p""","=""4D*""","=""3/2""","=""3s2.3p2.(3P).6s""","=""4P""","=""5/2""",4,6,,"=""T1619CA,LS""","=""""",
"=""""","=""792.003""","=""""","=""5.3e+05""","=""5.0e-03""","=""7.8e-01""","=""-1.52""",E,"=""8.1315198""","=""9.696970""","=""3s2.3p2.(3P).4p""","=""4D*""","=""5/2""","=""3s2.3p2.(3P).6s""","=""4P""","=""5/2""",6,6,,"=""T1619CA,LS""","=""""",
"=""""","=""795.609""","=""""","=""1.6e+05""","=""3.0e-03""","=""1.6e-01""","=""-2.22""",E,"=""8.1052879""","=""9.663645""","=""3s2.3p2.(3P).4p""","=""4D*""","=""1/2""","=""3s2.3p2.(3P).6s""","=""4P""","=""3/2""",2,4,,"=""T1619CA,LS""","=""""",
"=""""","=""800.485""","=""""","=""1.0e+06""","=""9.6e-03""","=""1.0e+00""","=""-1.42""",E,"=""8.1147813""","=""9.663645""","=""3s2.3p2.(3P).4p""","=""4D*""","=""3/2""","=""3s2.3p2.(3P).6s""","=""4P""","=""3/2""",4,4,,"=""T1619CA,LS""","=""""",
"=""804.9014""","=""""","=""100""","=""""","=""""","=""""","=""""",,"=""""","=""""","=""""","=""""","=""""","=""""","=""""","=""""",1,1,,"=""""","=""L5148""",
"=""""","=""804.966""","=""""","=""2.3e+06""","=""1.7e-02""","=""3.6e+00""","=""-0.87""",D,"=""8.1567289""","=""9.696970""","=""3s2.3p2.(3P).4p""","=""4D*""","=""7/2""","=""3s2.3p2.(3P).6s""","=""4P""","=""5/2""",8,6,,"=""T1619CA,LS""","=""""",
"=""""","=""806.715""","=""""","=""1.5e+06""","=""1.5e-02""","=""7.8e-01""","=""-1.53""",E,"=""8.1052879""","=""9.642189""","=""3s2.3p2.(3P).4p""","=""4D*""","=""1/2""","=""3s2.3p2.(3P).6s""","=""4P""","=""1/2""",2,2,,"=""T1619CA,LS""","=""""",
"=""""","=""809.230""","=""""","=""2.0e+06""","=""1.3e-02""","=""2.1e+00""","=""-1.10""",D,"=""8.1315198""","=""9.663645""","=""3s2.3p2.(3P).4p""","=""4D*""","=""5/2""","=""3s2.3p2.(3P).6s""","=""4P""","=""3/2""",6,4,,"=""T1619CA,LS""","=""""",
"=""""","=""811.729""","=""""","=""1.5e+06""","=""7.4e-03""","=""7.9e-01""","=""-1.53""",E,"=""8.1147813""","=""9.642189""","=""3s2.3p2.(3P).4p""","=""4D*""","=""3/2""","=""3s2.3p2.(3P).6s""","=""4P""","=""1/2""",4,2,,"=""T1619CA,LS""","=""""",
"=""828.0333""","=""""","=""140""","=""""","=""""","=""""","=""""",,"=""""","=""""","=""""","=""""","=""""","=""""","=""""","=""""",1,1,,"=""""","=""L5148""",
"=""837.0156""","=""""","=""100""","=""""","=""""","=""""","=""""",,"=""""","=""""","=""""","=""""","=""""","=""""","=""""","=""""",1,1,,"=""""","=""L5148""",
"=""853.3819""","=""""","=""140""","=""""","=""""","=""""","=""""",,"=""""","=""""","=""""","=""""","=""""","=""""","=""""","=""""",1,1,,"=""""","=""L5148""",
"=""861.6201""","=""""","=""140""","=""""","=""""","=""""","=""""",,"=""""","=""""","=""""","=""""","=""""","=""""","=""""","=""""",1,1,,"=""""","=""L5148""",
"=""863.9951""","=""863.996""","=""180""","=""7.9e+06""","=""8.8e-02""","=""5.0e+00""","=""-0.75""",D,"=""7.9646942""","=""9.399703""","=""3s2.3p2.(3P).4p""","=""2S*""","=""1/2""","=""3s2.3p2.(3P).4d""","=""2P""","=""1/2""",2,2,,"=""T1619CA,LS""","=""L5148""",
"=""874.3930""","=""874.393""","=""400""","=""9.1e+06""","=""2.1e-01""","=""1.2e+01""","=""-0.38""",D,"=""7.9646942""","=""9.382639""","=""3s2.3p2.(3P).4p""","=""2S*""","=""1/2""","=""3s2.3p2.(3P).4d""","=""2P""","=""3/2""",2,4,,"=""T1619CA,LS""","=""L5148""",
"=""""","=""878.995""","=""""","=""9.1e-06""","=""1.6e-13""","=""1.4e-06""","=""-12.20""",C,"=""0.000000""","=""1.410522""","=""3s2.3p3""","=""4S*""","=""3/2""","=""3s2.3p3""","=""2D*""","=""5/2""",4,6,M1,"=""T761""","=""""",
"=""""","=""878.995""","=""""","=""1.9e-04""","=""3.3e-12""","=""5.3e-02""","=""-10.88""",D,"=""0.000000""","=""1.410522""","=""3s2.3p3""","=""4S*""","=""3/2""","=""3s2.3p3""","=""2D*""","=""5/2""",4,6,E2,"=""T761""","=""""",
"=""""","=""880.203""","=""""","=""1.77e-04""","=""2.06e-12""","=""1.79e-05""","=""-11.085""",C,"=""0.000000""","=""1.408587""","=""3s2.3p3""","=""4S*""","=""3/2""","=""3s2.3p3""","=""2D*""","=""3/2""",4,4,M1,"=""T761""","=""""",
"=""""","=""880.203""","=""""","=""1.2e-04""","=""1.4e-12""","=""2.3e-02""","=""-11.25""",D,"=""0.000000""","=""1.408587""","=""3s2.3p3""","=""4S*""","=""3/2""","=""3s2.3p3""","=""2D*""","=""3/2""",4,4,E2,"=""T761""","=""""",
"=""887.4610""","=""""","=""100""","=""""","=""""","=""""","=""""",,"=""""","=""""","=""""","=""""","=""""","=""""","=""""","=""""",1,1,,"=""""","=""L5148""",
"=""915.585""","=""""","=""140""","=""""","=""""","=""""","=""""",,"=""""","=""""","=""""","=""""","=""""","=""""","=""""","=""""",1,1,,"=""""","=""L5148""",
"=""917.8337""","=""917.8331""","=""180""","=""5.0e+06""","=""1.3e-01""","=""7.6e+00""","=""-0.60""",D,"=""6.9356043""","=""8.2864403""","=""3s2.3p2.(3P).4s""","=""4P""","=""1/2""","=""3s2.3p2.(3P).4p""","=""4S*""","=""3/2""",2,4,,"=""T1619CA,LS""","=""L5148""",
"=""919.637""","=""""","=""950""","=""""","=""""","=""""","=""""",,"=""""","=""""","=""""","=""""","=""""","=""""","=""""","=""""",1,1,,"=""""","=""L5148""",
"=""928.143""","=""""","=""600""","=""""","=""""","=""""","=""""",,"=""""","=""""","=""""","=""""","=""""","=""""","=""""","=""""",1,1,,"=""""","=""L5148""",
"=""930.749""","=""930.7501""","=""1250""","=""9.6e+06""","=""1.2e-01""","=""1.5e+01""","=""-0.30""",D,"=""6.9543513""","=""8.2864403""","=""3s2.3p2.(3P).4s""","=""4P""","=""3/2""","=""3s2.3p2.(3P).4p""","=""4S*""","=""3/2""",4,4,,"=""T1619CA,LS""","=""L5148""",
"=""932.606""","=""""","=""500""","=""""","=""""","=""""","=""""",,"=""""","=""""","=""""","=""""","=""""","=""""","=""""","=""""",1,1,,"=""""","=""L5148""",
"=""932.969""","=""""","=""100""","=""""","=""""","=""""","=""""",,"=""""","=""""","=""""","=""""","=""""","=""""","=""""","=""""",1,1,,"=""""","=""L5148""",
"=""937.466""","=""""","=""140""","=""""","=""""","=""""","=""""",,"=""""","=""""","=""""","=""""","=""""","=""""","=""""","=""""",1,1,,"=""""","=""L5148""",
"=""943.7657""","=""""","=""950""","=""""","=""""","=""""","=""""",,"=""""","=""""","=""""","=""""","=""""","=""""","=""""","=""""",1,1,,"=""""","=""L5148""",
"=""944.445""","=""""","=""950""","=""""","=""""","=""""","=""""",,"=""""","=""""","=""""","=""""","=""""","=""""","=""""","=""""",1,1,,"=""""","=""L5148""",
"=""945.542""","=""""","=""600""","=""""","=""""","=""""","=""""",,"=""""","=""""","=""""","=""""","=""""","=""""","=""""","=""""",1,1,,"=""""","=""L5148""",
"=""948.444""","=""""","=""100""","=""""","=""""","=""""","=""""",,"=""""","=""""","=""""","=""""","=""""","=""""","=""""","=""""",1,1,,"=""""","=""L5148""",
"=""949.472""","=""""","=""100""","=""""","=""""","=""""","=""""",,"=""""","=""""","=""""","=""""","=""""","=""""","=""""","=""""",1,1,,"=""""","=""L5148""",
"=""949.616""","=""""","=""1250""","=""""","=""""","=""""","=""""",,"=""""","=""""","=""""","=""""","=""""","=""""","=""""","=""""",1,1,,"=""""","=""L5148""",
"=""952.439""","=""""","=""180""","=""""","=""""","=""""","=""""",,"=""""","=""""","=""""","=""""","=""""","=""""","=""""","=""""",1,1,,"=""""","=""L5148""",
"=""952.834""","=""952.8354""","=""1700""","=""1.4e+07""","=""1.3e-01""","=""2.4e+01""","=""-0.12""",D,"=""6.9852271""","=""8.2864403""","=""3s2.3p2.(3P).4s""","=""4P""","=""5/2""","=""3s2.3p2.(3P).4p""","=""4S*""","=""3/2""",6,4,,"=""T1619CA,LS""","=""L5148""",
"=""954.780""","=""954.7802""","=""1500""","=""""","=""""","=""""","=""""",,"=""6.9852271""","=""8.2837898""","=""3s2.3p2.(3P).4s""","=""4P""","=""5/2""","=""3s2.3p2.(3P).4p""","=""2D*""","=""3/2""",6,4,,"=""""","=""L5148""",
"=""955.943""","=""""","=""280""","=""""","=""""","=""""","=""""",,"=""""","=""""","=""""","=""""","=""""","=""""","=""""","=""""",1,1,,"=""""","=""L5148""",
"=""956.6062""","=""956.6067""","=""1700""","=""8.1e+06""","=""1.7e-01""","=""2.1e+01""","=""-0.18""",D,"=""6.9543513""","=""8.2504346""","=""3s2.3p2.(3P).4s""","=""4P""","=""3/2""","=""3s2.3p2.(3P).4p""","=""4P*""","=""5/2""",4,6,,"=""T1619CA,LS""","=""L5148""",
"=""959.613""","=""959.6136""","=""280""","=""1.1e+07""","=""3.0e-01""","=""1.9e+01""","=""-0.22""",D,"=""6.9356043""","=""8.2276264""","=""3s2.3p2.(3P).4s""","=""4P""","=""1/2""","=""3s2.3p2.(3P).4p""","=""4P*""","=""3/2""",2,4,,"=""T1619CA,LS""","=""L5148""",
"=""961.168""","=""961.1672""","=""750""","=""4.4e+06""","=""6.1e-02""","=""3.9e+00""","=""-0.91""",E,"=""6.9356043""","=""8.2255380""","=""3s2.3p2.(3P).4s""","=""4P""","=""1/2""","=""3s2.3p2.(3P).4p""","=""4P*""","=""1/2""",2,2,,"=""T1619CA,LS""","=""L5148""",
"=""962.844""","=""""","=""180""","=""""","=""""","=""""","=""""",,"=""""","=""""","=""""","=""""","=""""","=""""","=""""","=""""",1,1,,"=""""","=""L5148""",
"=""963.106""","=""""","=""180""","=""""","=""""","=""""","=""""",,"=""""","=""""","=""""","=""""","=""""","=""""","=""""","=""""",1,1,,"=""""","=""L5148""",
"=""964.1583""","=""""","=""400""","=""""","=""""","=""""","=""""",,"=""""","=""""","=""""","=""""","=""""","=""""","=""""","=""""",1,1,,"=""""","=""L5148""",
"=""967.806""","=""""","=""140""","=""""","=""""","=""""","=""""",,"=""""","=""""","=""""","=""""","=""""","=""""","=""""","=""""",1,1,,"=""""","=""L5148""",
"=""967.889""","=""""","=""500""","=""""","=""""","=""""","=""""",,"=""""","=""""","=""""","=""""","=""""","=""""","=""""","=""""",1,1,,"=""""","=""L5148""",
"=""970.9195""","=""""","=""180""","=""""","=""""","=""""","=""""",,"=""""","=""""","=""""","=""""","=""""","=""""","=""""","=""""",1,1,,"=""""","=""L5148""",
"=""973.7420""","=""973.7425""","=""1500""","=""3.5e+06""","=""5.0e-02""","=""6.4e+00""","=""-0.70""",E,"=""6.9543513""","=""8.2276264""","=""3s2.3p2.(3P).4s""","=""4P""","=""3/2""","=""3s2.3p2.(3P).4p""","=""4P*""","=""3/2""",4,4,,"=""T1619CA,LS""","=""L5148""",
"=""973.9350""","=""""","=""280""","=""""","=""""","=""""","=""""",,"=""""","=""""","=""""","=""""","=""""","=""""","=""""","=""""",1,1,,"=""""","=""L5148""",
"=""975.344""","=""975.3422""","=""1500""","=""2.2e+07""","=""1.6e-01""","=""2.0e+01""","=""-0.20""",D,"=""6.9543513""","=""8.2255380""","=""3s2.3p2.(3P).4s""","=""4P""","=""3/2""","=""3s2.3p2.(3P).4p""","=""4P*""","=""1/2""",4,2,,"=""T1619CA,LS""","=""L5148""",
"=""976.345""","=""""","=""100""","=""""","=""""","=""""","=""""",,"=""""","=""""","=""""","=""""","=""""","=""""","=""""","=""""",1,1,,"=""""","=""L5148""",
"=""977.953""","=""""","=""100""","=""""","=""""","=""""","=""""",,"=""""","=""""","=""""","=""""","=""""","=""""","=""""","=""""",1,1,,"=""""","=""L5148""",
"=""978.179""","=""""","=""100""","=""""","=""""","=""""","=""""",,"=""""","=""""","=""""","=""""","=""""","=""""","=""""","=""""",1,1,,"=""""","=""L5148""",
"=""979.289""","=""979.2879""","=""600""","=""4.5e+06""","=""1.3e-01""","=""8.3e+00""","=""-0.59""",D,"=""7.1757806""","=""8.4418455""","=""3s2.3p2.(3P).4s""","=""2P""","=""1/2""","=""3s2.3p2.(3P).4p""","=""2P*""","=""3/2""",2,4,,"=""T1619CA,LS""","=""L5148""",
"=""979.954""","=""979.9515""","=""1700""","=""1.8e+07""","=""2.6e-01""","=""5.0e+01""","=""0.19""",D,"=""6.9852271""","=""8.2504346""","=""3s2.3p2.(3P).4s""","=""4P""","=""5/2""","=""3s2.3p2.(3P).4p""","=""4P*""","=""5/2""",6,6,,"=""T1619CA,LS""","=""L5148""",
"=""983.750""","=""""","=""280""","=""""","=""""","=""""","=""""",,"=""""","=""""","=""""","=""""","=""""","=""""","=""""","=""""",1,1,,"=""""","=""L5148""",
"=""990.640""","=""990.6387""","=""400""","=""1.8e+07""","=""2.6e-01""","=""1.7e+01""","=""-0.28""",D,"=""7.1757806""","=""8.4273389""","=""3s2.3p2.(3P).4s""","=""2P""","=""1/2""","=""3s2.3p2.(3P).4p""","=""2P*""","=""1/2""",2,2,,"=""T1619CA,LS""","=""L5148""",
"=""997.941""","=""997.9416""","=""280""","=""1.1e+07""","=""1.1e-01""","=""2.2e+01""","=""-0.18""",D,"=""6.9852271""","=""8.2276264""","=""3s2.3p2.(3P).4s""","=""4P""","=""5/2""","=""3s2.3p2.(3P).4p""","=""4P*""","=""3/2""",6,4,,"=""T1619CA,LS""","=""L5148""",
"=""1008.703""","=""1008.7041""","=""229""","=""2.1e+07""","=""3.2e-01""","=""4.3e+01""","=""0.11""",D,"=""7.2127021""","=""8.4418455""","=""3s2.3p2.(3P).4s""","=""2P""","=""3/2""","=""3s2.3p2.(3P).4p""","=""2P*""","=""3/2""",4,4,,"=""T1619CA,LS""","=""L5148""",
"=""""","=""1020.7513""","=""""","=""8.3e+06""","=""6.5e-02""","=""8.7e+00""","=""-0.59""",D,"=""7.2127021""","=""8.4273389""","=""3s2.3p2.(3P).4s""","=""2P""","=""3/2""","=""3s2.3p2.(3P).4p""","=""2P*""","=""1/2""",4,2,,"=""T1619CA,LS""","=""""",
"=""1043.552""","=""""","=""174""","=""""","=""""","=""""","=""""",,"=""""","=""""","=""""","=""""","=""""","=""""","=""""","=""""",1,1,,"=""""","=""L5148""",
"=""1045.874""","=""""","=""132""","=""""","=""""","=""""","=""""",,"=""""","=""""","=""""","=""""","=""""","=""""","=""""","=""""",1,1,,"=""""","=""L5148""",
"=""1051.446""","=""1051.4469""","=""458""","=""8.8e+06""","=""2.9e-01""","=""2.0e+01""","=""-0.23""",D,"=""6.9356043""","=""8.1147813""","=""3s2.3p2.(3P).4s""","=""4P""","=""1/2""","=""3s2.3p2.(3P).4p""","=""4D*""","=""3/2""",2,4,,"=""T1619CA,LS""","=""L5148""",
"=""1053.241""","=""1053.2409""","=""962""","=""1.5e+07""","=""3.7e-01""","=""5.2e+01""","=""0.18""",D,"=""6.9543513""","=""8.1315198""","=""3s2.3p2.(3P).4s""","=""4P""","=""3/2""","=""3s2.3p2.(3P).4p""","=""4D*""","=""5/2""",4,6,,"=""T1619CA,LS""","=""L5148""",
"=""""","=""1058.3356""","=""""","=""2.1e+07""","=""4.7e-01""","=""9.8e+01""","=""0.45""",D,"=""6.9852271""","=""8.1567289""","=""3s2.3p2.(3P).4s""","=""4P""","=""5/2""","=""3s2.3p2.(3P).4p""","=""4D*""","=""7/2""",6,8,,"=""T1619CA,LS""","=""""",
"=""1058.447""","=""""","=""1235""","=""""","=""""","=""""","=""""",,"=""""","=""""","=""""","=""""","=""""","=""""","=""""","=""""",1,1,,"=""""","=""L5148""",
"=""1059.980""","=""1059.9806""","=""415""","=""1.7e+07""","=""2.9e-01""","=""2.0e+01""","=""-0.24""",D,"=""6.9356043""","=""8.1052879""","=""3s2.3p2.(3P).4s""","=""4P""","=""1/2""","=""3s2.3p2.(3P).4p""","=""4D*""","=""1/2""",2,2,,"=""T1619CA,LS""","=""L5148""",
"=""1068.433""","=""1068.4333""","=""435""","=""1.1e+07""","=""1.9e-01""","=""2.6e+01""","=""-0.12""",D,"=""6.9543513""","=""8.1147813""","=""3s2.3p2.(3P).4s""","=""4P""","=""3/2""","=""3s2.3p2.(3P).4p""","=""4D*""","=""3/2""",4,4,,"=""T1619CA,LS""","=""L5148""",
"=""""","=""1077.2461""","=""""","=""3.3e+06""","=""2.9e-02""","=""4.1e+00""","=""-0.94""",E,"=""6.9543513""","=""8.1052879""","=""3s2.3p2.(3P).4s""","=""4P""","=""3/2""","=""3s2.3p2.(3P).4p""","=""4D*""","=""1/2""",4,2,,"=""T1619CA,LS""","=""""",
"=""1081.609""","=""1081.6103""","=""265""","=""6.0e+06""","=""1.1e-01""","=""2.2e+01""","=""-0.20""",D,"=""6.9852271""","=""8.1315198""","=""3s2.3p2.(3P).4s""","=""4P""","=""5/2""","=""3s2.3p2.(3P).4p""","=""4D*""","=""5/2""",6,6,,"=""T1619CA,LS""","=""L5148""",
"=""1093.571""","=""""","=""134""","=""""","=""""","=""""","=""""",,"=""""","=""""","=""""","=""""","=""""","=""""","=""""","=""""",1,1,,"=""""","=""L5148""",
"=""1097.037""","=""""","=""103""","=""""","=""""","=""""","=""""",,"=""""","=""""","=""""","=""""","=""""","=""""","=""""","=""""",1,1,,"=""""","=""L5148""",
"=""""","=""1097.6383""","=""""","=""9.5e+05""","=""1.1e-02""","=""2.5e+00""","=""-1.16""",E,"=""6.9852271""","=""8.1147813""","=""3s2.3p2.(3P).4s""","=""4P""","=""5/2""","=""3s2.3p2.(3P).4p""","=""4D*""","=""3/2""",6,4,,"=""T1619CA,LS""","=""""",
"=""1116.311""","=""""","=""180""","=""""","=""""","=""""","=""""",,"=""""","=""""","=""""","=""""","=""""","=""""","=""""","=""""",1,1,,"=""""","=""L5148""",
"=""1118.629""","=""""","=""764""","=""""","=""""","=""""","=""""",,"=""""","=""""","=""""","=""""","=""""","=""""","=""""","=""""",1,1,,"=""""","=""L5148""",
"=""1118.981""","=""""","=""402""","=""""","=""""","=""""","=""""",,"=""""","=""""","=""""","=""""","=""""","=""""","=""""","=""""",1,1,,"=""""","=""L5148""",
"=""1344.210""","=""""","=""76""","=""""","=""""","=""""","=""""",,"=""""","=""""","=""""","=""""","=""""","=""""","=""""","=""""",1,1,,"=""""","=""L5148""",
"=""1348.888""","=""""","=""86""","=""""","=""""","=""""","=""""",,"=""""","=""""","=""""","=""""","=""""","=""""","=""""","=""""",1,1,,"=""""","=""L5148""",
"=""""","=""1353.731""","=""""","=""3.41e-02""","=""9.37e-10""","=""1.25e-02""","=""-8.426""",C,"=""1.408587""","=""2.324457""","=""3s2.3p3""","=""2D*""","=""3/2""","=""3s2.3p3""","=""2P*""","=""3/2""",4,4,M1,"=""T761""","=""""",
"=""""","=""1353.731""","=""""","=""4.05e-02""","=""1.11e-09""","=""6.58e+01""","=""-8.352""",C,"=""1.408587""","=""2.324457""","=""3s2.3p3""","=""2D*""","=""3/2""","=""3s2.3p3""","=""2P*""","=""3/2""",4,4,E2,"=""T761""","=""""",
"=""""","=""1356.598""","=""""","=""1.90e-02""","=""3.49e-10""","=""7.03e-03""","=""-8.678""",C,"=""1.410522""","=""2.324457""","=""3s2.3p3""","=""2D*""","=""5/2""","=""3s2.3p3""","=""2P*""","=""3/2""",6,4,M1,"=""T761""","=""""",
"=""""","=""1356.598""","=""""","=""9.4e-02""","=""1.7e-09""","=""1.5e+02""","=""-7.98""",C,"=""1.410522""","=""2.324457""","=""3s2.3p3""","=""2D*""","=""5/2""","=""3s2.3p3""","=""2P*""","=""3/2""",6,4,E2,"=""T761""","=""""",
"=""""","=""1358.384""","=""""","=""2.11e-02""","=""2.92e-10""","=""3.92e-03""","=""-8.933""",C,"=""1.408587""","=""2.321320""","=""3s2.3p3""","=""2D*""","=""3/2""","=""3s2.3p3""","=""2P*""","=""1/2""",4,2,M1,"=""T761""","=""""",
"=""""","=""1358.384""","=""""","=""8.0e-02""","=""1.1e-09""","=""6.6e+01""","=""-8.35""",C,"=""1.408587""","=""2.321320""","=""3s2.3p3""","=""2D*""","=""3/2""","=""3s2.3p3""","=""2P*""","=""1/2""",4,2,E2,"=""T761""","=""""",
"=""""","=""1361.270""","=""""","=""5.3e-02""","=""4.9e-10""","=""4.4e+01""","=""-8.53""",C,"=""1.410522""","=""2.321320""","=""3s2.3p3""","=""2D*""","=""5/2""","=""3s2.3p3""","=""2P*""","=""1/2""",6,2,E2,"=""T761""","=""""",
"=""1424.553""","=""""","=""479""","=""""","=""""","=""""","=""""",,"=""""","=""""","=""""","=""""","=""""","=""""","=""""","=""""",1,1,,"=""""","=""L5148""",
"=""1427.665""","=""""","=""150""","=""""","=""""","=""""","=""""",,"=""""","=""""","=""""","=""""","=""""","=""""","=""""","=""""",1,1,,"=""""","=""L5148""",
"=""1431.174""","=""""","=""256""","=""""","=""""","=""""","=""""",,"=""""","=""""","=""""","=""""","=""""","=""""","=""""","=""""",1,1,,"=""""","=""L5148""",
"=""1443.444""","=""""","=""173""","=""""","=""""","=""""","=""""",,"=""""","=""""","=""""","=""""","=""""","=""""","=""""","=""""",1,1,,"=""""","=""L5148""",
"=""1447.458""","=""""","=""135""","=""""","=""""","=""""","=""""",,"=""""","=""""","=""""","=""""","=""""","=""""","=""""","=""""",1,1,,"=""""","=""L5148""",
"=""1465.042""","=""""","=""98""","=""""","=""""","=""""","=""""",,"=""""","=""""","=""""","=""""","=""""","=""""","=""""","=""""",1,1,,"=""""","=""L5148""",
"=""1571.581""","=""""","=""714""","=""""","=""""","=""""","=""""",,"=""""","=""""","=""""","=""""","=""""","=""""","=""""","=""""",1,1,,"=""""","=""L5148""",
"=""1596.689""","=""""","=""228""","=""""","=""""","=""""","=""""",,"=""""","=""""","=""""","=""""","=""""","=""""","=""""","=""""",1,1,,"=""""","=""L5148""",
"=""1625.921""","=""""","=""296""","=""""","=""""","=""""","=""""",,"=""""","=""""","=""""","=""""","=""""","=""""","=""""","=""""",1,1,,"=""""","=""L5148""",
"=""1629.742""","=""""","=""203""","=""""","=""""","=""""","=""""",,"=""""","=""""","=""""","=""""","=""""","=""""","=""""","=""""",1,1,,"=""""","=""L5148""",
"=""1648.742""","=""""","=""1627""","=""""","=""""","=""""","=""""",,"=""""","=""""","=""""","=""""","=""""","=""""","=""""","=""""",1,1,,"=""""","=""L5148""",
"=""1659.460""","=""""","=""588""","=""""","=""""","=""""","=""""",,"=""""","=""""","=""""","=""""","=""""","=""""","=""""","=""""",1,1,,"=""""","=""L5148""",
"=""1661.759""","=""""","=""225""","=""""","=""""","=""""","=""""",,"=""""","=""""","=""""","=""""","=""""","=""""","=""""","=""""",1,1,,"=""""","=""L5148""",
"=""1674.325""","=""""","=""221""","=""""","=""""","=""""","=""""",,"=""""","=""""","=""""","=""""","=""""","=""""","=""""","=""""",1,1,,"=""""","=""L5148""",
"=""1680.798""","=""""","=""419""","=""""","=""""","=""""","=""""",,"=""""","=""""","=""""","=""""","=""""","=""""","=""""","=""""",1,1,,"=""""","=""L5148""",
"=""1711.715""","=""""","=""471""","=""""","=""""","=""""","=""""",,"=""""","=""""","=""""","=""""","=""""","=""""","=""""","=""""",1,1,,"=""""","=""L5148""",
"=""1722.798""","=""""","=""104""","=""""","=""""","=""""","=""""",,"=""""","=""""","=""""","=""""","=""""","=""""","=""""","=""""",1,1,,"=""""","=""L5148""",
"=""1729.163""","=""""","=""289""","=""""","=""""","=""""","=""""",,"=""""","=""""","=""""","=""""","=""""","=""""","=""""","=""""",1,1,,"=""""","=""L5148""",
"=""1736.374""","=""""","=""145""","=""""","=""""","=""""","=""""",,"=""""","=""""","=""""","=""""","=""""","=""""","=""""","=""""",1,1,,"=""""","=""L5148""",
"=""1742.843""","=""""","=""299""","=""""","=""""","=""""","=""""",,"=""""","=""""","=""""","=""""","=""""","=""""","=""""","=""""",1,1,,"=""""","=""L5148""",
"=""1767.050""","=""""","=""95""","=""""","=""""","=""""","=""""",,"=""""","=""""","=""""","=""""","=""""","=""""","=""""","=""""",1,1,,"=""""","=""L5148""",
"=""1801.255""","=""""","=""186""","=""""","=""""","=""""","=""""",,"=""""","=""""","=""""","=""""","=""""","=""""","=""""","=""""",1,1,,"=""""","=""L5148""",
"=""1852.396""","=""""","=""106""","=""""","=""""","=""""","=""""",,"=""""","=""""","=""""","=""""","=""""","=""""","=""""","=""""",1,1,,"=""""","=""L5148""",
"=""1888.632""","=""""","=""92""","=""""","=""""","=""""","=""""",,"=""""","=""""","=""""","=""""","=""""","=""""","=""""","=""""",1,1,,"=""""","=""L5148""",
"=""2084.731""","=""""","=""125""","=""""","=""""","=""""","=""""",,"=""""","=""""","=""""","=""""","=""""","=""""","=""""","=""""",1,1,,"=""""","=""L5148""",
"=""2304.512""","=""""","=""124""","=""""","=""""","=""""","=""""",,"=""""","=""""","=""""","=""""","=""""","=""""","=""""","=""""",1,1,,"=""""","=""L5148""",
"=""2385.148""","=""""","=""287""","=""""","=""""","=""""","=""""",,"=""""","=""""","=""""","=""""","=""""","=""""","=""""","=""""",1,1,,"=""""","=""L5148""",
"=""2614.157""","=""""","=""98""","=""""","=""""","=""""","=""""",,"=""""","=""""","=""""","=""""","=""""","=""""","=""""","=""""",1,1,,"=""""","=""L5148""",
"=""2796.715""","=""""","=""118""","=""""","=""""","=""""","=""""",,"=""""","=""""","=""""","=""""","=""""","=""""","=""""","=""""",1,1,,"=""""","=""L5148""",
"=""2805.707""","=""""","=""188""","=""""","=""""","=""""","=""""",,"=""""","=""""","=""""","=""""","=""""","=""""","=""""","=""""",1,1,,"=""""","=""L5148""",
"=""2816.220""","=""""","=""127""","=""""","=""""","=""""","=""""",,"=""""","=""""","=""""","=""""","=""""","=""""","=""""","=""""",1,1,,"=""""","=""L5148""",
"=""2829.188""","=""""","=""132""","=""""","=""""","=""""","=""""",,"=""""","=""""","=""""","=""""","=""""","=""""","=""""","=""""",1,1,,"=""""","=""L5148""",
"=""2829.641""","=""""","=""98""","=""""","=""""","=""""","=""""",,"=""""","=""""","=""""","=""""","=""""","=""""","=""""","=""""",1,1,,"=""""","=""L5148""",
"=""2910.510""","=""""","=""311""","=""""","=""""","=""""","=""""",,"=""""","=""""","=""""","=""""","=""""","=""""","=""""","=""""",1,1,,"=""""","=""L5148""",
"=""3149.180""","=""""","=""92""","=""""","=""""","=""""","=""""",,"=""""","=""""","=""""","=""""","=""""","=""""","=""""","=""""",1,1,,"=""""","=""L5148""",
"=""3227.970""","=""""","=""91""","=""""","=""""","=""""","=""""",,"=""""","=""""","=""""","=""""","=""""","=""""","=""""","=""""",1,1,,"=""""","=""L5148""",
"=""3556.163""","=""""","=""146""","=""""","=""""","=""""","=""""",,"=""""","=""""","=""""","=""""","=""""","=""""","=""""","=""""",1,1,,"=""""","=""L5148""",
"=""3559.197""","=""""","=""90""","=""""","=""""","=""""","=""""",,"=""""","=""""","=""""","=""""","=""""","=""""","=""""","=""""",1,1,,"=""""","=""L5148""",
"=""3581.229""","=""""","=""192""","=""""","=""""","=""""","=""""",,"=""""","=""""","=""""","=""""","=""""","=""""","=""""","=""""",1,1,,"=""""","=""L5148""",
"=""3642.736""","=""""","=""146""","=""""","=""""","=""""","=""""",,"=""""","=""""","=""""","=""""","=""""","=""""","=""""","=""""",1,1,,"=""""","=""L5148""",
"=""""","=""395260""","=""""","=""1.45e-07""","=""6.79e-10""","=""1.33e+00""","=""-8.867""",B,"=""2.321320""","=""2.324457""","=""3s2.3p3""","=""2P*""","=""1/2""","=""3s2.3p3""","=""2P*""","=""3/2""",2,4,M1,"=""T761""","=""""",
"=""""","=""395260""","=""""","=""5.9e-17""","=""2.8e-19""","=""2.0e-01""","=""-18.26""",D,"=""2.321320""","=""2.324457""","=""3s2.3p3""","=""2P*""","=""1/2""","=""3s2.3p3""","=""2P*""","=""3/2""",2,4,E2,"=""T761""","=""""",
"=""""","=""640600""","=""""","=""4.10e-08""","=""3.78e-10""","=""2.40e+00""","=""-8.820""",B,"=""1.408587""","=""1.410522""","=""3s2.3p3""","=""2D*""","=""3/2""","=""3s2.3p3""","=""2D*""","=""5/2""",4,6,M1,"=""T761""","=""""",
"=""""","=""640600""","=""""","=""7.7e-18""","=""7.1e-20""","=""4.5e-01""","=""-18.55""",D,"=""1.408587""","=""1.410522""","=""3s2.3p3""","=""2D*""","=""3/2""","=""3s2.3p3""","=""2D*""","=""5/2""",4,6,E2,"=""T761""","=""""",
